Epoch,Phase,Loss,Accuracy,Precision,Recall,AUC,MSE,Confusion Matrix
1,train,1.4061733813058062,0.47303543913713403,0.46596923788998124,0.4720706569664903,0.8348302898986174,8.768875192604007,"[[19, 13, 2, 2, 0, 9, 14, 21], [7, 27, 4, 0, 0, 18, 8, 16], [1, 3, 55, 13, 8, 3, 0, 1], [1, 0, 17, 56, 4, 0, 2, 0], [1, 2, 4, 6, 67, 1, 0, 0], [10, 18, 7, 2, 0, 26, 6, 11], [13, 10, 3, 2, 5, 7, 27, 13], [11, 12, 2, 1, 1, 18, 9, 30]]"
1,validation,1.6468126049055856,0.5325443786982249,0.5971828211189913,0.5482142857142858,0.8118107382662029,5.325443786982248,"[[13, 1, 0, 0, 0, 1, 5, 0], [4, 6, 0, 0, 0, 2, 8, 0], [0, 0, 7, 17, 0, 0, 0, 0], [0, 0, 1, 19, 0, 0, 0, 0], [0, 0, 1, 0, 20, 0, 0, 0], [4, 1, 0, 0, 0, 8, 6, 1], [2, 0, 0, 0, 0, 2, 16, 0], [4, 0, 0, 0, 0, 7, 12, 1]]"
2,train,0.9015951742560177,0.6764252696456087,0.6820040405135795,0.676452270723104,0.925750818447999,7.047765793528505,"[[38, 4, 0, 0, 0, 5, 19, 14], [5, 45, 0, 0, 0, 12, 6, 12], [0, 0, 67, 15, 0, 1, 0, 1], [1, 0, 2, 76, 1, 0, 0, 0], [0, 0, 2, 0, 79, 0, 0, 0], [6, 8, 0, 0, 0, 46, 11, 9], [17, 6, 0, 0, 0, 7, 48, 2], [18, 5, 0, 0, 0, 16, 5, 40]]"
2,validation,1.3633268880189435,0.5976331360946746,0.6397931929181929,0.6114583333333333,0.901193902838849,4.615384615384615,"[[15, 2, 0, 0, 0, 1, 2, 0], [6, 9, 0, 0, 0, 1, 3, 1], [0, 0, 7, 17, 0, 0, 0, 0], [0, 0, 1, 19, 0, 0, 0, 0], [0, 0, 0, 0, 21, 0, 0, 0], [3, 6, 0, 0, 0, 10, 0, 1], [2, 1, 0, 0, 0, 2, 14, 1], [2, 3, 0, 0, 0, 12, 1, 6]]"
3,train,0.7249499328882191,0.7473035439137135,0.7494071556001625,0.7475088183421517,0.952718806798108,5.278890600924499,"[[52, 1, 0, 0, 0, 4, 13, 10], [4, 55, 0, 0, 0, 7, 5, 9], [0, 0, 69, 14, 0, 0, 1, 0], [0, 0, 6, 73, 1, 0, 0, 0], [0, 0, 1, 1, 79, 0, 0, 0], [4, 8, 0, 0, 0, 57, 5, 6], [16, 4, 0, 0, 0, 2, 51, 7], [11, 6, 0, 0, 0, 15, 3, 49]]"
3,validation,1.310930118670125,0.5976331360946746,0.6454455266955268,0.6127976190476191,0.9056438276247781,4.940828402366864,"[[17, 1, 0, 0, 0, 0, 2, 0], [7, 9, 0, 0, 0, 1, 2, 1], [0, 0, 7, 17, 0, 0, 0, 0], [0, 0, 1, 19, 0, 0, 0, 0], [0, 0, 1, 0, 20, 0, 0, 0], [3, 5, 0, 0, 0, 12, 0, 0], [3, 1, 0, 0, 0, 3, 12, 1], [3, 4, 0, 0, 0, 12, 0, 5]]"
4,train,0.6335291993820061,0.7842835130970724,0.7856161517648821,0.784375,0.9634438609556559,4.667180277349769,"[[52, 2, 0, 0, 2, 3, 13, 8], [4, 64, 0, 0, 0, 4, 1, 7], [0, 0, 70, 14, 0, 0, 0, 0], [0, 0, 3, 76, 0, 0, 0, 1], [0, 0, 0, 0, 81, 0, 0, 0], [3, 10, 0, 0, 2, 57, 4, 4], [18, 1, 0, 1, 0, 3, 53, 4], [10, 6, 0, 0, 0, 6, 6, 56]]"
4,validation,1.6543408296341022,0.5739644970414202,0.625503673044241,0.5885416666666667,0.8978692962662964,4.514792899408284,"[[16, 1, 0, 0, 0, 0, 3, 0], [6, 8, 0, 0, 0, 2, 4, 0], [0, 0, 7, 17, 0, 0, 0, 0], [0, 0, 0, 20, 0, 0, 0, 0], [0, 0, 0, 0, 21, 0, 0, 0], [2, 4, 0, 0, 0, 11, 0, 3], [3, 1, 0, 0, 0, 5, 10, 1], [2, 2, 0, 0, 0, 16, 0, 4]]"
5,train,0.5097374991615674,0.810477657935285,0.8130200154182712,0.8102678571428571,0.9763534591519859,4.044684129429892,"[[55, 2, 0, 0, 0, 1, 15, 7], [5, 63, 0, 0, 0, 3, 2, 7], [0, 0, 69, 15, 0, 0, 0, 0], [0, 1, 5, 73, 0, 0, 0, 1], [0, 0, 0, 0, 81, 0, 0, 0], [2, 5, 0, 0, 0, 66, 4, 3], [18, 1, 0, 0, 0, 4, 53, 4], [6, 5, 0, 0, 0, 4, 3, 66]]"
5,validation,1.6409858944852602,0.5384615384615384,0.6472834967320262,0.5541666666666667,0.9018095975082929,4.905325443786983,"[[16, 1, 0, 0, 0, 1, 2, 0], [8, 5, 0, 0, 0, 5, 2, 0], [0, 0, 7, 17, 0, 0, 0, 0], [0, 0, 1, 19, 0, 0, 0, 0], [0, 0, 0, 0, 21, 0, 0, 0], [3, 4, 0, 0, 0, 12, 1, 0], [4, 0, 0, 0, 0, 6, 10, 0], [3, 2, 0, 0, 0, 16, 2, 1]]"
6,train,0.4844981215905702,0.8305084745762712,0.8349737478413394,0.830897266313933,0.9780077202654334,3.4745762711864407,"[[55, 0, 0, 0, 0, 5, 11, 9], [3, 70, 0, 0, 0, 5, 0, 2], [0, 0, 67, 17, 0, 0, 0, 0], [0, 0, 2, 77, 0, 0, 0, 1], [0, 0, 0, 1, 80, 0, 0, 0], [2, 2, 0, 0, 0, 67, 4, 5], [11, 1, 0, 0, 0, 3, 59, 6], [9, 3, 0, 0, 0, 3, 5, 64]]"
6,validation,1.4754196804401896,0.5621301775147929,0.5898464280817222,0.575,0.8901504522487078,5.5325443786982245,"[[16, 1, 0, 0, 0, 0, 3, 0], [4, 9, 0, 0, 0, 2, 4, 1], [0, 0, 8, 16, 0, 0, 0, 0], [0, 0, 5, 14, 1, 0, 0, 0], [0, 0, 0, 0, 21, 0, 0, 0], [3, 4, 0, 0, 0, 13, 0, 0], [4, 0, 0, 0, 0, 5, 10, 1], [3, 4, 0, 0, 0, 13, 0, 4]]"
7,train,0.3991934725460819,0.8520801232665639,0.854226662336518,0.8523065476190477,0.9845751274822494,3.1879815100154083,"[[60, 1, 0, 0, 0, 2, 11, 6], [2, 70, 0, 0, 0, 4, 2, 2], [0, 0, 69, 15, 0, 0, 0, 0], [0, 0, 3, 77, 0, 0, 0, 0], [0, 0, 0, 0, 81, 0, 0, 0], [2, 5, 0, 0, 0, 69, 2, 2], [17, 0, 0, 0, 0, 2, 59, 2], [4, 4, 0, 0, 0, 6, 2, 68]]"
7,validation,1.8146936103437075,0.5029585798816568,0.5493653711484594,0.5125,0.8800131865694669,6.680473372781065,"[[11, 1, 0, 0, 0, 1, 6, 1], [7, 7, 0, 0, 0, 2, 4, 0], [0, 0, 7, 17, 0, 0, 0, 0], [0, 0, 3, 17, 0, 0, 0, 0], [0, 0, 0, 0, 21, 0, 0, 0], [3, 5, 0, 0, 0, 11, 0, 1], [6, 1, 0, 0, 0, 7, 6, 0], [3, 2, 0, 0, 0, 13, 1, 5]]"
8,train,0.3808769462156599,0.8505392912172574,0.8537728384684763,0.8509672619047619,0.986519864776517,3.4298921417565484,"[[55, 1, 0, 0, 0, 1, 15, 8], [1, 72, 0, 0, 0, 2, 0, 5], [0, 0, 64, 19, 0, 1, 0, 0], [0, 0, 3, 77, 0, 0, 0, 0], [0, 0, 0, 0, 81, 0, 0, 0], [4, 3, 0, 0, 0, 69, 2, 2], [12, 1, 0, 0, 0, 1, 64, 2], [5, 4, 0, 0, 0, 4, 1, 70]]"
8,validation,1.6294540839597649,0.5857988165680473,0.6333143208143208,0.6010416666666667,0.8976260558898403,5.680473372781065,"[[15, 2, 0, 0, 0, 0, 2, 1], [8, 10, 0, 0, 0, 0, 2, 0], [0, 0, 7, 17, 0, 0, 0, 0], [0, 0, 0, 20, 0, 0, 0, 0], [0, 0, 0, 0, 21, 0, 0, 0], [3, 4, 0, 0, 0, 10, 1, 2], [6, 1, 0, 0, 0, 0, 12, 1], [3, 5, 0, 0, 0, 11, 1, 4]]"
9,train,0.32228082109340256,0.8952234206471494,0.8989610151415502,0.8955550044091711,0.9889708563663269,2.083204930662558,"[[69, 1, 0, 0, 0, 1, 7, 2], [3, 72, 0, 0, 0, 2, 0, 3], [0, 0, 68, 15, 0, 1, 0, 0], [0, 0, 2, 78, 0, 0, 0, 0], [0, 0, 1, 0, 80, 0, 0, 0], [1, 1, 0, 0, 0, 76, 0, 2], [14, 1, 0, 0, 0, 1, 62, 2], [3, 2, 0, 0, 0, 0, 3, 76]]"
9,validation,1.895116832834729,0.5443786982248521,0.5661210317460317,0.5552083333333333,0.875276628673918,6.8579881656804735,"[[10, 2, 0, 0, 0, 0, 3, 5], [4, 10, 0, 0, 0, 1, 3, 2], [0, 0, 7, 17, 0, 0, 0, 0], [0, 0, 1, 19, 0, 0, 0, 0], [0, 0, 0, 0, 21, 0, 0, 0], [1, 7, 0, 0, 0, 6, 3, 3], [6, 1, 0, 0, 0, 0, 13, 0], [0, 5, 0, 0, 0, 11, 2, 6]]"
10,train,0.3621555860018005,0.8782742681047766,0.883634976181259,0.8787202380952381,0.9858460096958904,3.100154083204931,"[[63, 0, 0, 0, 0, 2, 7, 8], [2, 76, 0, 0, 0, 1, 0, 1], [0, 0, 69, 15, 0, 0, 0, 0], [0, 0, 3, 77, 0, 0, 0, 0], [0, 0, 0, 0, 81, 0, 0, 0], [0, 0, 0, 0, 0, 73, 2, 5], [17, 1, 0, 0, 0, 0, 61, 1], [9, 4, 0, 0, 0, 0, 1, 70]]"
10,validation,2.019620085423041,0.5680473372781065,0.6282747139943542,0.5825892857142857,0.8758826805137699,6.390532544378698,"[[11, 2, 0, 0, 0, 0, 7, 0], [4, 10, 0, 0, 0, 0, 6, 0], [0, 0, 7, 17, 0, 0, 0, 0], [0, 0, 0, 20, 0, 0, 0, 0], [0, 0, 1, 0, 20, 0, 0, 0], [4, 5, 0, 0, 0, 10, 1, 0], [3, 0, 0, 0, 0, 2, 14, 1], [2, 6, 0, 0, 0, 11, 1, 4]]"
11,train,0.32419870500790043,0.8751926040061633,0.8780882550713698,0.8755208333333334,0.988669822605746,2.7087827426810476,"[[65, 2, 0, 0, 0, 0, 9, 4], [3, 71, 0, 0, 0, 2, 1, 3], [0, 1, 68, 14, 0, 1, 0, 0], [0, 0, 3, 77, 0, 0, 0, 0], [0, 0, 0, 0, 81, 0, 0, 0], [0, 2, 0, 0, 0, 74, 0, 4], [18, 0, 0, 0, 1, 1, 60, 0], [3, 5, 0, 0, 0, 3, 1, 72]]"
11,validation,2.0793959827289075,0.5325443786982249,0.5693107266695976,0.5430059523809524,0.8706808560904111,5.810650887573964,"[[14, 2, 0, 0, 0, 0, 3, 1], [9, 8, 0, 0, 0, 1, 2, 0], [0, 0, 8, 16, 0, 0, 0, 0], [1, 0, 4, 15, 0, 0, 0, 0], [0, 0, 1, 0, 20, 0, 0, 0], [4, 4, 0, 0, 0, 11, 0, 1], [7, 0, 0, 0, 0, 3, 9, 1], [2, 4, 0, 0, 0, 12, 1, 5]]"
12,train,0.2929886360082328,0.889060092449923,0.8930711390038475,0.8891561948853616,0.9916845887884683,2.1217257318952236,"[[69, 2, 0, 0, 0, 0, 6, 3], [2, 70, 0, 0, 1, 3, 2, 2], [0, 0, 69, 15, 0, 0, 0, 0], [0, 0, 2, 78, 0, 0, 0, 0], [0, 0, 0, 0, 80, 0, 1, 0], [0, 3, 0, 0, 0, 71, 2, 4], [15, 0, 0, 0, 0, 2, 63, 0], [4, 0, 0, 0, 0, 1, 2, 77]]"
12,validation,2.1526763432124665,0.5207100591715976,0.5639646858396858,0.5333333333333334,0.8733140717812234,5.633136094674557,"[[8, 2, 0, 0, 0, 0, 9, 1], [5, 8, 0, 0, 0, 1, 5, 1], [0, 0, 7, 17, 0, 0, 0, 0], [0, 0, 1, 19, 0, 0, 0, 0], [0, 0, 0, 0, 21, 0, 0, 0], [4, 3, 0, 0, 0, 12, 0, 1], [3, 0, 0, 0, 0, 6, 10, 1], [0, 1, 0, 0, 0, 18, 2, 3]]"
13,train,0.3042033534806985,0.8798151001540832,0.8812267865355068,0.8799851190476191,0.9905369917234901,2.3852080123266566,"[[71, 0, 0, 0, 0, 1, 6, 2], [1, 71, 0, 0, 0, 2, 2, 4], [0, 0, 69, 14, 1, 0, 0, 0], [0, 0, 6, 74, 0, 0, 0, 0], [0, 0, 0, 0, 81, 0, 0, 0], [0, 4, 0, 0, 0, 73, 1, 2], [17, 2, 0, 0, 0, 2, 58, 1], [2, 3, 0, 0, 0, 3, 2, 74]]"
13,validation,2.381752797231607,0.5502958579881657,0.5865994578724152,0.565625,0.8790997695363727,5.396449704142012,"[[13, 2, 0, 0, 0, 0, 5, 0], [6, 9, 0, 0, 0, 1, 4, 0], [0, 0, 7, 17, 0, 0, 0, 0], [0, 0, 0, 20, 0, 0, 0, 0], [0, 0, 0, 0, 21, 0, 0, 0], [3, 3, 0, 0, 0, 10, 1, 3], [6, 0, 0, 0, 0, 2, 11, 1], [2, 2, 0, 0, 0, 16, 2, 2]]"
14,train,0.22378041319698325,0.9275808936825886,0.9310124958241397,0.9277529761904761,0.9935499685657037,1.5808936825885977,"[[72, 0, 0, 0, 0, 0, 7, 1], [1, 78, 0, 0, 0, 0, 0, 1], [0, 0, 71, 13, 0, 0, 0, 0], [0, 0, 3, 77, 0, 0, 0, 0], [0, 0, 0, 0, 81, 0, 0, 0], [1, 0, 0, 0, 0, 77, 1, 1], [15, 0, 0, 0, 0, 0, 65, 0], [2, 0, 0, 0, 0, 1, 0, 81]]"
14,validation,2.1762468651014233,0.5443786982248521,0.5775815731698085,0.5583333333333333,0.8793003403918845,5.988165680473373,"[[11, 3, 0, 0, 0, 0, 4, 2], [7, 8, 0, 0, 0, 0, 4, 1], [0, 0, 7, 17, 0, 0, 0, 0], [0, 0, 0, 20, 0, 0, 0, 0], [0, 0, 0, 0, 21, 0, 0, 0], [2, 2, 0, 0, 0, 11, 2, 3], [7, 0, 0, 0, 0, 1, 11, 1], [1, 4, 0, 0, 0, 16, 0, 3]]"
15,train,0.2627233818240854,0.9029275808936826,0.9044360942958717,0.9033482142857143,0.9921047471666085,2.1617873651771955,"[[66, 1, 1, 0, 0, 0, 8, 4], [0, 76, 0, 0, 0, 3, 0, 1], [0, 0, 70, 14, 0, 0, 0, 0], [0, 0, 3, 77, 0, 0, 0, 0], [0, 0, 0, 0, 81, 0, 0, 0], [0, 5, 0, 0, 0, 74, 1, 0], [11, 0, 0, 0, 0, 1, 68, 0], [3, 5, 0, 0, 0, 2, 0, 74]]"
15,validation,2.3467355083850534,0.5266272189349113,0.5840944843894027,0.5416666666666667,0.8746303180205199,5.994082840236686,"[[11, 2, 0, 0, 0, 0, 7, 0], [7, 9, 0, 0, 0, 1, 3, 0], [0, 0, 7, 17, 0, 0, 0, 0], [0, 0, 0, 20, 0, 0, 0, 0], [0, 0, 0, 0, 21, 0, 0, 0], [4, 5, 0, 0, 0, 10, 0, 1], [5, 0, 0, 0, 0, 5, 10, 0], [2, 3, 0, 0, 0, 17, 1, 1]]"
16,train,0.2572543505444342,0.9244992295839753,0.9284206736631573,0.925,0.992351478157168,1.5531587057010785,"[[73, 1, 0, 0, 0, 0, 4, 2], [1, 76, 0, 0, 0, 1, 1, 1], [0, 0, 69, 14, 1, 0, 0, 0], [1, 0, 1, 78, 0, 0, 0, 0], [0, 0, 0, 0, 81, 0, 0, 0], [1, 1, 0, 0, 0, 78, 0, 0], [11, 0, 0, 0, 0, 0, 67, 2], [3, 2, 0, 0, 0, 0, 1, 78]]"
16,validation,2.5639487792401625,0.5443786982248521,0.5762327574827575,0.5596726190476191,0.8671019198873717,5.65680473372781,"[[15, 2, 0, 0, 0, 0, 3, 0], [10, 8, 0, 0, 0, 1, 0, 1], [0, 0, 7, 17, 0, 0, 0, 0], [0, 0, 1, 19, 0, 0, 0, 0], [0, 0, 1, 0, 20, 0, 0, 0], [4, 5, 0, 0, 0, 10, 0, 1], [6, 1, 0, 0, 0, 1, 11, 1], [2, 5, 0, 0, 0, 14, 1, 2]]"
17,train,0.25820885429220514,0.9106317411402157,0.9160375981597496,0.9112736992945326,0.9921026468408879,1.7349768875192604,"[[73, 0, 0, 0, 0, 2, 2, 3], [2, 72, 0, 1, 0, 2, 0, 3], [1, 1, 67, 15, 0, 0, 0, 0], [0, 0, 0, 80, 0, 0, 0, 0], [0, 0, 1, 0, 79, 0, 1, 0], [0, 1, 0, 0, 0, 78, 1, 0], [10, 1, 0, 1, 0, 1, 66, 1], [4, 2, 0, 0, 0, 0, 2, 76]]"
17,validation,2.497699813777271,0.5621301775147929,0.6421622447837281,0.5770833333333334,0.862399835107614,5.8579881656804735,"[[13, 4, 0, 0, 0, 0, 3, 0], [8, 10, 0, 0, 0, 0, 2, 0], [0, 0, 7, 17, 0, 0, 0, 0], [0, 0, 0, 19, 1, 0, 0, 0], [0, 0, 0, 0, 21, 0, 0, 0], [4, 6, 0, 0, 0, 10, 0, 0], [7, 0, 0, 0, 0, 0, 12, 1], [1, 7, 0, 0, 0, 13, 0, 3]]"
18,train,0.2681922656261521,0.9121725731895224,0.9150573359474046,0.912797619047619,0.9921054060211824,1.6363636363636365,"[[70, 0, 0, 0, 1, 0, 4, 5], [1, 77, 0, 0, 0, 1, 0, 1], [0, 0, 68, 15, 0, 1, 0, 0], [0, 0, 1, 77, 2, 0, 0, 0], [0, 0, 0, 0, 81, 0, 0, 0], [0, 2, 0, 0, 0, 78, 0, 0], [9, 0, 0, 0, 3, 0, 66, 2], [4, 0, 0, 0, 0, 2, 3, 75]]"
18,validation,1.877701215085039,0.5562130177514792,0.6062334656084656,0.56875,0.8943621991437167,5.7514792899408285,"[[10, 3, 0, 0, 0, 0, 7, 0], [8, 8, 0, 0, 0, 1, 3, 0], [0, 0, 7, 17, 0, 0, 0, 0], [0, 0, 1, 19, 0, 0, 0, 0], [0, 0, 0, 0, 21, 0, 0, 0], [3, 5, 0, 0, 0, 11, 0, 1], [6, 0, 0, 0, 0, 0, 13, 1], [0, 5, 0, 0, 0, 10, 4, 5]]"
19,train,0.16227718395412755,0.938366718027735,0.9402890474599462,0.938709766313933,0.9966561128945728,1.2696456086286594,"[[71, 0, 0, 0, 0, 0, 9, 0], [0, 79, 0, 0, 0, 1, 0, 0], [1, 0, 71, 12, 0, 0, 0, 0], [0, 0, 2, 78, 0, 0, 0, 0], [1, 0, 0, 0, 80, 0, 0, 0], [0, 0, 0, 0, 0, 79, 0, 1], [10, 0, 0, 0, 0, 0, 70, 0], [1, 1, 0, 0, 0, 0, 1, 81]]"
19,validation,2.7534909298608414,0.5443786982248521,0.5932449074690453,0.559375,0.8726494397516007,6.384615384615385,"[[13, 1, 0, 0, 0, 0, 5, 1], [6, 8, 0, 0, 0, 2, 4, 0], [0, 0, 7, 17, 0, 0, 0, 0], [0, 0, 0, 20, 0, 0, 0, 0], [0, 0, 0, 0, 21, 0, 0, 0], [3, 6, 0, 0, 0, 10, 0, 1], [5, 0, 0, 0, 0, 4, 11, 0], [2, 5, 0, 0, 0, 14, 1, 2]]"
20,train,0.23453801667749327,0.9090909090909091,0.9100710031076054,0.909375,0.9935467922721319,2.021571648690293,"[[64, 0, 0, 0, 0, 0, 13, 3], [1, 77, 0, 0, 1, 0, 0, 1], [0, 0, 71, 13, 0, 0, 0, 0], [0, 0, 2, 78, 0, 0, 0, 0], [0, 0, 0, 0, 81, 0, 0, 0], [1, 0, 0, 0, 0, 78, 0, 1], [11, 1, 0, 0, 1, 1, 65, 1], [2, 2, 0, 0, 0, 2, 2, 76]]"
20,validation,2.0475328666042296,0.5325443786982249,0.5564013662028635,0.540625,0.8940823160148114,5.9171597633136095,"[[11, 4, 0, 0, 0, 0, 4, 1], [8, 6, 0, 0, 0, 1, 4, 1], [0, 0, 7, 17, 0, 0, 0, 0], [0, 0, 1, 19, 0, 0, 0, 0], [0, 0, 0, 0, 21, 0, 0, 0], [3, 5, 0, 0, 0, 5, 2, 5], [6, 0, 0, 0, 0, 0, 13, 1], [1, 4, 0, 0, 0, 9, 2, 8]]"
21,train,0.18284136028845546,0.9337442218798151,0.9365729886569906,0.9340415564373897,0.9958429339051761,1.3343605546995378,"[[74, 0, 0, 0, 0, 0, 5, 1], [1, 78, 0, 0, 0, 0, 0, 1], [1, 0, 72, 10, 1, 0, 0, 0], [0, 0, 3, 77, 0, 0, 0, 0], [0, 0, 1, 1, 79, 0, 0, 0], [1, 0, 0, 0, 0, 78, 1, 0], [11, 0, 0, 0, 0, 1, 68, 0], [3, 0, 0, 0, 0, 1, 0, 80]]"
21,validation,2.7333541118757547,0.5857988165680473,0.63615522990523,0.6010416666666667,0.8631594490087171,5.5266272189349115,"[[14, 2, 0, 0, 0, 0, 4, 0], [7, 9, 0, 0, 0, 0, 4, 0], [0, 0, 7, 17, 0, 0, 0, 0], [0, 0, 0, 20, 0, 0, 0, 0], [0, 0, 0, 0, 21, 0, 0, 0], [4, 4, 0, 0, 0, 10, 0, 2], [5, 0, 0, 0, 0, 0, 14, 1], [3, 3, 0, 0, 0, 14, 0, 4]]"
22,train,0.20770051914628865,0.926040061633282,0.9312435269192855,0.9267113095238095,0.993750145807736,1.6795069337442219,"[[75, 0, 0, 0, 0, 0, 4, 1], [0, 77, 0, 0, 0, 0, 0, 3], [0, 0, 68, 16, 0, 0, 0, 0], [0, 0, 1, 79, 0, 0, 0, 0], [0, 0, 0, 0, 81, 0, 0, 0], [0, 1, 0, 0, 0, 78, 0, 1], [14, 0, 0, 0, 0, 0, 66, 0], [3, 2, 1, 0, 0, 1, 0, 77]]"
22,validation,2.899794362607077,0.5384615384615384,0.5871602685461381,0.5531250000000001,0.8484784820257656,6.325443786982248,"[[10, 4, 0, 0, 0, 1, 5, 0], [7, 9, 0, 0, 0, 0, 4, 0], [0, 0, 7, 17, 0, 0, 0, 0], [0, 0, 0, 20, 0, 0, 0, 0], [0, 0, 0, 0, 21, 0, 0, 0], [4, 6, 0, 0, 0, 9, 0, 1], [5, 0, 0, 0, 0, 1, 13, 1], [1, 7, 0, 0, 0, 13, 1, 2]]"
23,train,0.20724489331175105,0.9214175654853621,0.923901570104527,0.921875,0.9945599359362467,1.6101694915254237,"[[71, 0, 0, 1, 0, 1, 6, 1], [0, 76, 0, 0, 0, 1, 1, 2], [0, 0, 69, 15, 0, 0, 0, 0], [0, 0, 3, 77, 0, 0, 0, 0], [0, 0, 0, 0, 81, 0, 0, 0], [1, 1, 0, 0, 0, 77, 1, 0], [9, 1, 0, 0, 0, 1, 69, 0], [3, 2, 0, 0, 0, 1, 0, 78]]"
23,validation,2.960632993718444,0.5621301775147929,0.6254201772104586,0.578125,0.8562510848183291,6.106508875739645,"[[14, 2, 0, 0, 0, 0, 4, 0], [7, 7, 0, 0, 0, 2, 4, 0], [0, 0, 7, 17, 0, 0, 0, 0], [0, 0, 0, 20, 0, 0, 0, 0], [0, 0, 0, 0, 21, 0, 0, 0], [4, 4, 0, 0, 0, 11, 1, 0], [6, 0, 0, 0, 0, 0, 13, 1], [3, 4, 0, 0, 0, 14, 1, 2]]"
24,train,0.1986740615752702,0.9306625577812019,0.9334990066162483,0.9308779761904762,0.9949227709653934,1.1864406779661016,"[[74, 0, 0, 0, 0, 2, 4, 0], [1, 78, 0, 0, 0, 0, 0, 1], [0, 0, 71, 13, 0, 0, 0, 0], [0, 0, 2, 78, 0, 0, 0, 0], [0, 0, 0, 0, 81, 0, 0, 0], [3, 1, 0, 0, 0, 72, 2, 2], [9, 0, 0, 1, 0, 1, 69, 0], [1, 1, 0, 0, 0, 1, 0, 81]]"
24,validation,2.603003956873477,0.5266272189349113,0.5816892476975748,0.540625,0.8796269912443107,6.745562130177515,"[[12, 2, 0, 0, 0, 0, 6, 0], [8, 7, 0, 0, 0, 2, 3, 0], [0, 0, 7, 17, 0, 0, 0, 0], [0, 0, 0, 20, 0, 0, 0, 0], [0, 0, 0, 0, 21, 0, 0, 0], [4, 5, 0, 0, 0, 10, 0, 1], [7, 0, 0, 0, 0, 2, 10, 1], [3, 4, 0, 0, 0, 15, 0, 2]]"
25,train,0.192756981366406,0.9306625577812019,0.9314784975019018,0.9308779761904762,0.9952620939185121,1.0385208012326657,"[[74, 0, 0, 0, 1, 0, 3, 2], [0, 77, 0, 0, 0, 3, 0, 0], [0, 0, 72, 12, 0, 0, 0, 0], [0, 0, 7, 73, 0, 0, 0, 0], [0, 0, 0, 0, 81, 0, 0, 0], [2, 1, 0, 0, 0, 75, 0, 2], [7, 0, 0, 0, 0, 1, 72, 0], [1, 0, 0, 0, 0, 2, 1, 80]]"
25,validation,2.633893612199105,0.5502958579881657,0.5891293391293391,0.5635416666666666,0.8683497020365656,6.964497041420119,"[[14, 2, 0, 0, 0, 0, 3, 1], [6, 10, 0, 0, 0, 0, 3, 1], [0, 0, 7, 17, 0, 0, 0, 0], [0, 0, 0, 20, 0, 0, 0, 0], [0, 0, 0, 0, 21, 0, 0, 0], [4, 6, 0, 0, 0, 6, 0, 4], [7, 1, 0, 0, 0, 0, 11, 1], [2, 7, 0, 0, 0, 11, 0, 4]]"
26,train,0.23149223392075918,0.926040061633282,0.9305940706802776,0.9267857142857142,0.9924930511041765,1.4329738058551618,"[[73, 1, 0, 0, 0, 1, 5, 0], [1, 76, 0, 0, 0, 1, 1, 1], [0, 0, 68, 16, 0, 0, 0, 0], [0, 0, 0, 80, 0, 0, 0, 0], [0, 0, 0, 0, 81, 0, 0, 0], [1, 1, 0, 0, 0, 77, 1, 0], [9, 0, 0, 0, 0, 0, 70, 1], [3, 3, 0, 0, 0, 2, 0, 76]]"
26,validation,2.3502643137271986,0.5857988165680473,0.6605308542808543,0.6,0.8820970020442799,5.591715976331361,"[[14, 2, 0, 0, 0, 1, 3, 0], [6, 9, 0, 0, 0, 1, 4, 0], [0, 0, 7, 17, 0, 0, 0, 0], [0, 0, 0, 20, 0, 0, 0, 0], [0, 0, 0, 0, 21, 0, 0, 0], [4, 5, 0, 0, 0, 10, 0, 1], [5, 1, 0, 0, 0, 1, 13, 0], [1, 5, 0, 0, 0, 13, 0, 5]]"
27,train,0.22104410073742878,0.9137134052388289,0.9153109138841413,0.9140625,0.9946122994287299,1.5670261941448382,"[[74, 0, 1, 0, 0, 0, 4, 1], [0, 73, 0, 0, 0, 2, 0, 5], [0, 1, 69, 14, 0, 0, 0, 0], [0, 0, 5, 75, 0, 0, 0, 0], [0, 0, 0, 0, 81, 0, 0, 0], [0, 2, 0, 0, 0, 75, 3, 0], [10, 0, 0, 0, 0, 2, 68, 0], [3, 1, 0, 0, 0, 2, 0, 78]]"
27,validation,2.705474880716857,0.5325443786982249,0.584143161349624,0.546875,0.8613044096659723,6.479289940828402,"[[10, 2, 0, 0, 0, 0, 7, 1], [8, 10, 0, 0, 0, 0, 2, 0], [0, 0, 7, 17, 0, 0, 0, 0], [0, 0, 0, 20, 0, 0, 0, 0], [0, 0, 0, 0, 21, 0, 0, 0], [3, 6, 0, 0, 0, 11, 0, 0], [7, 0, 0, 0, 0, 3, 9, 1], [1, 5, 0, 0, 0, 15, 1, 2]]"
28,train,0.190638663195926,0.9244992295839753,0.9261816250577748,0.9250744047619048,0.9947750578926144,1.6409861325115562,"[[69, 0, 0, 0, 0, 1, 6, 4], [0, 80, 0, 0, 0, 0, 0, 0], [0, 0, 68, 16, 0, 0, 0, 0], [0, 0, 3, 77, 0, 0, 0, 0], [0, 0, 0, 0, 81, 0, 0, 0], [0, 0, 0, 0, 0, 80, 0, 0], [10, 1, 1, 0, 0, 0, 67, 1], [2, 3, 0, 0, 0, 0, 1, 78]]"
28,validation,2.6835122394799833,0.5680473372781065,0.6455924073111574,0.5822916666666667,0.8785453068348377,6.562130177514793,"[[13, 1, 0, 0, 0, 0, 6, 0], [5, 8, 0, 0, 0, 1, 6, 0], [0, 0, 7, 17, 0, 0, 0, 0], [0, 0, 0, 20, 0, 0, 0, 0], [0, 0, 0, 0, 21, 0, 0, 0], [4, 3, 0, 0, 0, 11, 1, 1], [8, 0, 0, 0, 0, 0, 12, 0], [2, 3, 0, 0, 0, 14, 1, 4]]"
29,train,0.19949604711720995,0.9229583975346687,0.9264995312951518,0.9232886904761904,0.9944025133411764,1.7226502311248073,"[[71, 0, 0, 0, 0, 2, 7, 0], [1, 75, 0, 0, 0, 0, 2, 2], [0, 0, 69, 14, 0, 0, 1, 0], [0, 0, 0, 80, 0, 0, 0, 0], [0, 0, 0, 0, 81, 0, 0, 0], [1, 0, 0, 0, 0, 77, 0, 2], [11, 2, 0, 0, 0, 1, 66, 0], [3, 1, 0, 0, 0, 0, 0, 80]]"
29,validation,2.943742980353931,0.5325443786982249,0.5935079966329966,0.5458333333333333,0.867978453097277,6.72189349112426,"[[12, 3, 0, 0, 0, 0, 5, 0], [6, 7, 0, 0, 0, 1, 6, 0], [0, 0, 7, 17, 0, 0, 0, 0], [0, 0, 1, 19, 0, 0, 0, 0], [0, 0, 0, 0, 21, 0, 0, 0], [4, 5, 0, 0, 0, 11, 0, 0], [6, 0, 0, 0, 0, 3, 10, 1], [2, 6, 0, 0, 0, 12, 1, 3]]"
30,train,0.13629182026228612,0.9476117103235747,0.9503713116865093,0.9479910714285714,0.9966117852134477,1.0477657935285054,"[[74, 0, 0, 0, 0, 1, 3, 2], [1, 78, 0, 0, 0, 0, 1, 0], [0, 0, 71, 13, 0, 0, 0, 0], [0, 0, 0, 80, 0, 0, 0, 0], [0, 0, 0, 0, 81, 0, 0, 0], [1, 0, 1, 0, 0, 78, 0, 0], [7, 1, 0, 0, 0, 0, 71, 1], [2, 0, 0, 0, 0, 0, 0, 82]]"
30,validation,3.067950663658289,0.5621301775147929,0.6197055123685559,0.5760416666666667,0.8625519507444264,6.384615384615385,"[[16, 0, 0, 0, 0, 0, 4, 0], [7, 5, 0, 0, 0, 1, 7, 0], [0, 0, 7, 17, 0, 0, 0, 0], [0, 0, 0, 20, 0, 0, 0, 0], [0, 0, 0, 0, 21, 0, 0, 0], [4, 4, 0, 0, 0, 11, 0, 1], [8, 0, 0, 0, 0, 0, 11, 1], [2, 3, 0, 0, 0, 14, 1, 4]]"
